{
  "interactionModel": {
    "languageModel": {
      "invocationName": "vestri reference experience",
      "intents": [
        {
          "name": "AddToCartIntent",
          "samples": [
            "add the item to my cart",
            "add it to my cart",
            "put it in my cart",
            "add it to cart",
            "add that to my cart",
            "add that item to my cart"
          ]
        },
        {
          "name": "AddToWishlistIntent",
          "samples": [
            "add the item to my wish list",
            "add it to my wish list",
            "put it in my wish list",
            "add it to wish list",
            "add the item to my wishlist",
            "add it to my wishlist",
            "put it in my wishlist",
            "add it to wishlist"
          ]
        },
        {
          "name": "NextItemIntent",
          "samples": [
            "next",
            "next item",
            "what's next",
            "show me the next item",
            "what else do you have",
            "show me something else"
          ]
        },
        {
          "name": "PreviousItemIntent",
          "samples": [
            "previous",
            "last",
            "previous item",
            "what was the last item",
            "show me the last item"
          ]
        },
        {
          "name": "SpecificItemIntent",
          "slots": [
            {
              "name": "ItemNumber",
              "type": "AMAZON.NUMBER"
            }
          ],
          "samples": [
            "Show me the {ItemNumber}",
            "What was item number {ItemNumber}"
          ]
        },
        {
          "name": "AMAZON.CancelIntent",
          "samples": []
        },
        {
          "name": "AMAZON.HelpIntent",
          "samples": [
            "help",
            "what do I do",
            "what can I do",
            "what can I do here",
            "what are my options",
            "what are my choices",
            "tell me my options",
            "tell me my choices"
          ]
        },
        {
          "name": "AMAZON.NoIntent",
          "samples": [
            "not yet",
            "not now"
          ]
        },
        {
          "name": "AMAZON.StopIntent",
          "samples": []
        },
        {
          "name": "AMAZON.YesIntent",
          "samples": []
        },
        {
          "name": "CheckOutIntent",
          "samples": [
            "I would like to checkout",
            "I'd like to check out",
            "let me check out",
            "i'm ready to check out",
            "i'm ready to make my purchase",
            "can I checkout",
            "i am ready checkout"
          ]
        },
        {
          "name": "DescribeProductIntent",
          "samples": [
            "tell me more about the item",
            "tell me more about that",
            "i want to know more about it",
            "I want to hear more",
            "tell me about it",
            "tell me about them",
            "give me more info about the product"
          ]
        },
        {
          "name": "GetCartIntent",
          "samples": [
            "What is in my cart",
            "Tell me what I have in my cart",
            "What's in my cart",
            "What items do I have in my cart",
            "list the items in my cart",
            "go to my cart"
          ]
        },
        {
          "name": "GetWishlistIntent",
          "samples": [
            "What's on my wish list",
            "What's in my wish list",
            "get me my wishlist",
            "Tell me what I have on my wish list",
            "What items do I have on my wish list",
            "list the items on my wish list",
            "go to my wish list"
          ]
        },
        {
          "name": "KeywordSearchIntent",
          "slots": [
            {
              "name": "SearchKeyword",
              "type": "SearchKeyword"
            }
          ],
          "samples": [
            "do you have any {SearchKeyword}",
            "search for {SearchKeyword}",
            "What {SearchKeyword} do you have",
            "find {SearchKeyword}",
            "search the store for {SearchKeyword}",
            "look for {SearchKeyword}"
          ]
        },
        {
          "name": "MoveToCartIntent",
          "slots": [
            {
              "name": "ItemNumber",
              "type": "AMAZON.NUMBER"
            }
          ],
          "samples": [
            "move item {ItemNumber} to my cart",
            "put item {ItemNumber} in my car"
          ]
        },
        {
          "name": "DescribeListedProductIntent",
          "slots": [
            {
              "name": "ItemNumber",
              "type": "AMAZON.NUMBER"
            }
          ],
          "samples": [
            "tell me more about item {ItemNumber}",
            "tell me about item {ItemNumber}",
            "give me more info about item {ItemNumber}",
            "what is item {ItemNumber}",
            "tell me more about item number {ItemNumber}",
            "tell me about item number {ItemNumber}",
            "give me more info about item number {ItemNumber}",
            "what is item number {ItemNumber}"
          ]
        },
        {
          "name": "DescribeStoreIntent",
          "samples": [
            "what kind of {ProductItemMerch} do you have",
            "what kind of {ProductItemMerch} do you sell",
            "what {ProductItemMerch} do you have",
            "what {ProductItemMerch} do you sell",
            "what {ProductItemMerch} are in the store",
            "what {ProductItemMerch} can I buy",
            "what {ProductItemMerch} can I purchase",
            "what do you have in the store",
            "what do you sell in the store",
            "what can I buy in the store",
            "what can I purchase in the store"
          ],
          "slots": [
            {
              "name": "ProductItemMerch",
              "type": "ProductItemMerch"
            }
          ]
        },
        {
          "name": "MoveToWishlistIntent",
          "slots": [
            {
              "name": "ItemNumber",
              "type": "AMAZON.NUMBER"
            }
          ],
          "samples": [
            "move item {ItemNumber} to my wish list",
            "put item {ItemNumber} on my wish list"
          ]
        },
        {
          "name": "RemoveFromCartIntent",
          "slots": [
            {
              "name": "ItemNumber",
              "type": "AMAZON.NUMBER"
            }
          ],
          "samples": [
            "remove item {ItemNumber} from my cart",
            "take out item {ItemNumber}",
            "delete item {ItemNumber}",
            "get rid of item {ItemNumber}"
          ]
        },
        {
          "name": "RemoveFromWishlistIntent",
          "slots": [
            {
              "name": "ItemNumber",
              "type": "AMAZON.NUMBER"
            }
          ],
          "samples": [
            "take item {ItemNumber} off my wish list",
            "remove item {ItemNumber} from my wish list",
            "delete item {ItemNumber} from my wish list"
          ]
        }
      ],
      "types": [
        {
          "values": [
            {
              "name": {
                "value": "hat",
                "synonyms": ["snap back", "baseball cap"]
              }
            },
            {
              "name": {
                "value": "tee",
                "synonyms": ["tea", "t"]
              }
            },
            {
              "name": {
                "value": "jeans"
              }
            },
            {
              "name": {
                "value": "jacket",
                "synonyms": ["coat"]
              }
            },
            {
              "name": {
                "value": "carbon fiber",
                "synonyms": ["carbon fibre", "graphite fiber", "graphite fibre"]
              }
            },
            {
              "name": {
                "value": "charger",
                "synonyms": ["charging station"]
              }
            },
            {
              "name": {
                "value": "tire"
              }
            },
            {
              "name": {
                "value": "wheel"
              }
            },
            {
              "name": {
                "value": "repair"
              }
            },
            {
              "name": {
                "value": "service"
              }
            },
            {
              "name": {
                "value": "parts"
              }
            }
          ],
          "name": "SearchKeyword"
        },
        {
          "name": "ProductItemMerch",
          "values": [
            {
              "name": {
                "value": "product",
                "synonyms": ["products", "item", "items", "merchandise", "merchandises"]
              }
            }
          ]
        }
      ]
    }
  }
}
